Limite_Inferior,Limite_Superior,Contém_Média
12.189294671233627,19.950705328766375,Sim
11.80236527565485,22.717634724345153,Sim
14.743586194559828,26.23641380544017,Sim
15.38588613016362,24.094113869836377,Sim
14.28002328294645,22.379976717053545,Sim
12.653885160121606,18.966114839878394,Sim
13.810872008475236,24.149127991524765,Sim
13.859295756960002,21.720704243039997,Sim
11.907103987798187,33.55289601220181,Sim
13.128089497850134,20.671910502149863,Sim
14.831398188704739,24.048601811295264,Sim
15.562305496956721,28.057694503043276,Sim
14.859037522353653,22.960962477646348,Sim
11.423766698171288,20.516233301828713,Sim
15.581555575525744,25.678444424474254,Sim
11.962360609703376,30.397639390296625,Sim
16.40053328275013,29.199466717249873,Sim
13.28154962637031,23.17845037362969,Sim
14.32416093494086,23.17583906505914,Sim
16.47153198185623,24.44846801814377,Sim
9.520175226633317,15.639824773366684,Não
10.250220450799548,15.189779549200454,Não
14.380312465819824,23.45968753418018,Sim
16.354771437391033,25.785228562608967,Sim
13.689298281347703,22.350701718652296,Sim
13.60762162652501,26.39237837347499,Sim
13.971258556171856,27.928741443828144,Sim
12.632236918283258,19.98776308171674,Sim
16.95644460346498,27.123555396535018,Sim
11.928337791104596,25.931662208895403,Sim
13.66150074919757,31.638499250802425,Sim
13.588023821821366,23.991976178178632,Sim
12.63492089983632,18.74507910016368,Não
13.333724177651458,19.486275822348542,Sim
13.088924903207625,23.331075096792375,Sim
13.279220118615664,27.840779881384336,Sim
15.567283245481498,25.712716754518503,Sim
11.265491117133994,17.834508882866007,Não
14.145211930408003,22.014788069591994,Sim
15.136938205200549,23.40306179479945,Sim
15.964301447032463,29.875698552967542,Sim
13.228216316106593,19.951783683893407,Sim
14.144781638477282,22.975218361522714,Sim
14.194948213112324,21.42505178688767,Sim
13.968389112715027,22.33161088728497,Sim
14.210016881167126,24.04998311883287,Sim
16.37883713847551,28.101162861524486,Sim
14.833585690884497,25.306414309115503,Sim
17.48632683743663,32.31367316256337,Sim
15.73668456638132,25.343315433618677,Sim
14.277809035349955,22.002190964650048,Sim
15.042901581482624,25.177098418517375,Sim
12.771296646442012,20.28870335355799,Sim
13.347624884833785,21.912375115166213,Sim
12.586228305550721,23.23377169444928,Sim
14.857013464624302,23.182986535375697,Sim
14.997156305883356,22.842843694116645,Sim
14.300550025856737,20.759449974143266,Sim
12.447124659490767,22.252875340509235,Sim
14.05038538132092,21.44961461867908,Sim
15.893894037476805,26.506105962523193,Sim
16.98259370008533,25.71740629991467,Sim
11.82281367800799,18.41718632199201,Não
15.893115089947326,26.566884910052675,Sim
14.041479221056921,22.678520778943078,Sim
14.151216003910141,23.44878399608986,Sim
11.893366003019294,19.24663399698071,Sim
14.457336748771393,24.202663251228604,Sim
13.09986575681889,23.140134243181112,Sim
12.432029754437748,18.807970245562252,Não
12.920378691112969,19.75962130888703,Sim
12.327698729545023,18.59230127045498,Não
16.8111362832491,26.6688637167509,Sim
13.479058565381404,20.680941434618592,Sim
12.432018792288535,19.447981207711464,Sim
12.577009396208188,19.622990603791813,Sim
13.166640190698267,21.573359809301735,Sim
14.202240543890294,23.517759456109705,Sim
11.851207756004293,24.588792243995705,Sim
17.811393351154457,35.108606648845544,Sim
13.457623869249925,21.882376130750078,Sim
14.712746565036106,24.26725343496389,Sim
13.649166184154641,26.610833815845357,Sim
13.18231621325417,20.69768378674583,Sim
12.578823931488682,20.98117606851132,Sim
13.008596157823622,28.151403842176375,Sim
11.208879645526821,19.95112035447318,Sim
12.857032316286734,22.462967683713266,Sim
10.75797032302578,17.08202967697422,Não
13.733470711378,21.046529288622,Sim
13.280390095241499,22.419609904758502,Sim
12.531989189674539,19.368010810325462,Sim
10.963243923965722,29.53675607603428,Sim
14.703777202279344,23.076222797720657,Sim
12.8271008268697,20.472899173130298,Sim
10.95138746571877,17.68861253428123,Não
12.066399875831632,20.45360012416837,Sim
13.283479143790284,24.05652085620972,Sim
12.169507035719418,38.27049296428058,Sim
13.124413189867617,21.295586810132384,Sim
12.923045290359834,20.936954709640165,Sim
12.90299688523644,19.23700311476356,Sim
14.91439501343381,24.525604986566186,Sim
12.907474023127135,19.812525976872863,Sim
14.96845905569311,23.49154094430689,Sim
14.177187774321181,21.942812225678814,Sim
14.04410445454692,21.175895545453077,Sim
11.080245776785812,17.01975422321419,Não
11.831590093191359,16.66840990680864,Não
13.776373923505197,19.9436260764948,Sim
12.345975222478007,18.05402477752199,Não
15.589152071117018,27.05084792888298,Sim
11.11051618841829,17.30948381158171,Não
13.220340329335198,22.5396596706648,Sim
7.911601269188083,42.22839873081192,Sim
15.559703563328394,25.700296436671604,Sim
13.09069481454965,22.289305185450353,Sim
14.327763483287445,21.952236516712556,Sim
13.616629708778186,21.32337029122181,Sim
12.51121812339558,20.908781876604422,Sim
15.223027890941596,22.176972109058404,Sim
12.31053258619745,17.78946741380255,Não
12.855575904825155,21.484424095174848,Sim
9.772565917527903,15.587434082472097,Não
16.050474555224195,23.649525444775808,Sim
11.400958390066801,18.0390416099332,Não
18.12044863209578,34.23955136790422,Sim
14.59157818206922,24.388421817930777,Sim
13.906762696895324,21.173237303104674,Sim
14.16382293953592,20.95617706046408,Sim
13.587259443251833,23.59274055674817,Sim
15.6137660471002,25.2862339528998,Sim
13.110904741211275,20.569095258788725,Sim
17.54947165918774,27.59052834081226,Sim
13.864326543715286,20.235673456284715,Sim
14.881492468562566,24.138507531437437,Sim
14.242814148178981,21.277185851821024,Sim
11.925288619823345,23.314711380176657,Sim
13.967626633966953,20.912373366033048,Sim
12.01622851604111,21.103771483958887,Sim
13.622935954912878,22.17706404508712,Sim
15.81183415440211,26.32816584559789,Sim
15.821044853150813,25.41895514684919,Sim
14.43369651258509,23.88630348741491,Sim
15.672933783272006,25.86706621672799,Sim
12.599454608292818,19.260545391707183,Sim
8.861974850954535,14.538025149045463,Não
12.371580914391236,19.768419085608766,Sim
14.175595604666558,22.784404395333443,Sim
12.906217439349636,20.673782560650363,Sim
15.240043960556449,24.01995603944355,Sim
13.98262393279884,21.77737606720116,Sim
14.117105243982113,25.882894756017887,Sim
10.706962880558013,35.21303711944199,Sim
13.287201673611026,21.772798326388976,Sim
15.347316411344579,24.312683588655418,Sim
13.214318201646721,35.98568179835328,Sim
12.211884282125236,20.208115717874765,Sim
16.24646399668439,24.273536003315613,Sim
10.476332116798027,16.703667883201973,Não
17.15969012958689,28.76030987041311,Sim
13.443399423916109,22.37660057608389,Sim
16.473684816878457,24.386315183121543,Sim
14.645041734793555,24.814958265206446,Sim
11.783900249513142,62.93609975048686,Sim
15.006281192821358,23.093718807178643,Sim
11.181766973211506,22.418233026788496,Sim
15.692656935731375,25.187343064268628,Sim
14.259550653961291,23.44044934603871,Sim
14.14793529291002,22.972064707089977,Sim
13.788508189326354,21.651491810673644,Sim
14.650471788501333,22.109528211498667,Sim
12.361253877824325,20.078746122175673,Sim
16.932840945327865,26.58715905467214,Sim
12.44634370647106,19.47365629352894,Sim
16.86094840781209,33.81905159218791,Sim
13.55716846770909,19.922831532290907,Sim
13.023638334577184,22.756361665422816,Sim
10.654942935320033,16.565057064679966,Não
12.831787837024626,20.78821216297537,Sim
12.853686222885074,19.966313777114927,Sim
12.260265574071777,19.159734425928225,Sim
16.6722027020418,27.0677972979582,Sim
14.104230674750948,22.495769325249054,Sim
10.779174666270693,16.720825333729305,Não
18.857873433477245,30.602126566522756,Não
15.27198884282357,35.52801115717643,Sim
14.204656251449832,26.17534374855017,Sim
12.67044235300327,20.38955764699673,Sim
14.536594988783424,21.703405011216578,Sim
5.370847327373262,39.62915267262674,Sim
12.988433947901115,20.751566052098887,Sim
13.442650765909669,21.27734923409033,Sim
13.684656758057134,22.915343241942868,Sim
14.808249498180622,25.631750501819376,Sim
12.717496625909888,31.342503374090114,Sim
15.419165825166859,26.440834174833142,Sim
11.687783767725712,18.832216232274288,Não
13.80586722319066,21.47413277680934,Sim
14.232710078614097,23.187289921385904,Sim
16.804861400892424,29.57513859910758,Sim
12.03302595520631,30.20697404479369,Sim
15.572680781254645,23.967319218745352,Sim
11.744050284649205,24.555949715350792,Sim
16.276576650660353,24.403423349339647,Sim
13.239180357950051,19.840819642049947,Sim
14.322507363667468,21.21749263633253,Sim
14.168208287281345,22.071791712718657,Sim
11.581718680072303,33.89828131992769,Sim
16.65552980664949,24.30447019335051,Sim
12.873001927238773,20.946998072761225,Sim
10.37016103027508,34.72983896972492,Sim
12.535817645963093,19.80418235403691,Sim
13.19884014571779,21.581159854282213,Sim
15.31856743681103,23.68143256318897,Sim
11.202652050665733,25.837347949334266,Sim
13.934692830157953,26.185307169842044,Sim
13.055656309995834,18.884343690004165,Sim
15.525009339930767,23.29499066006923,Sim
14.885553584284139,22.674446415715863,Sim
16.47191045075386,29.70808954924614,Sim
14.024292154119056,23.755707845880945,Sim
14.723312955675812,25.936687044324184,Sim
14.386330632509008,23.993669367490995,Sim
11.148811770383798,18.5911882296162,Não
13.581500085211974,22.158499914788027,Sim
14.928082798074733,25.791917201925266,Sim
13.7787540677055,20.4012459322945,Sim
13.795007288243092,21.384992711756908,Sim
14.537339898610856,32.20266010138914,Sim
14.933218431832373,22.84678156816763,Sim
13.865342017660156,20.854657982339845,Sim
12.118662665733503,18.3413373342665,Não
11.24944346247833,17.070556537521668,Não
16.273121945237815,24.186878054762186,Sim
13.28532930359247,21.374670696407527,Sim
13.3211970435701,20.9588029564299,Sim
15.655337604983462,26.80466239501654,Sim
11.821111332346135,41.59888866765387,Sim
15.124894583767034,22.995105416232963,Sim
16.048996168726084,26.871003831273917,Sim
12.702118713604062,19.75788128639594,Sim
13.905066073005678,21.31493392699432,Sim
15.402191632639688,22.85780836736031,Sim
7.100277385333396,40.5397226146666,Sim
13.908680366878649,21.071319633121348,Sim
13.508398498839092,22.851601501160907,Sim
11.28189712588621,17.278102874113788,Não
13.109644294639164,21.310355705360838,Sim
13.169222265987234,20.630777734012764,Sim
11.421003165800089,21.318996834199915,Sim
10.672644683996051,16.32735531600395,Não
18.452491813696767,42.12750818630323,Sim
11.98133326024237,19.81866673975763,Sim
8.584256449813259,16.87574355018674,Não
13.734357579306135,23.965642420693868,Sim
11.74645965081795,28.43354034918205,Sim
13.906800949475558,24.63319905052444,Sim
11.937617136394746,18.242382863605254,Não
14.499439724384036,21.380560275615967,Sim
14.933737898564445,28.126262101435557,Sim
15.593979708438685,24.686020291561316,Sim
12.413539798491744,19.866460201508257,Sim
12.674906881281988,23.465093118718013,Sim
14.248725679978534,24.011274320021464,Sim
13.702880952527961,23.017119047472036,Sim
12.20981985058593,33.29018014941407,Sim
14.823505892707766,22.37649410729224,Sim
12.138473164063521,18.90152683593648,Sim
10.682441004691263,31.217558995308735,Sim
12.024136478519353,20.735863521480645,Sim
12.549717860898859,22.330282139101143,Sim
10.354370008490537,20.325629991509462,Sim
13.408691192934103,22.171308807065895,Sim
12.745940271860189,18.734059728139812,Não
12.97764534331712,19.182354656682875,Sim
11.748676997302688,18.09132300269731,Não
11.14134244072822,17.63865755927178,Não
12.983938534730115,21.736061465269884,Sim
16.03283091168902,30.28716908831098,Sim
14.094764522347925,23.24523547765208,Sim
12.895305543862175,21.184694456137823,Sim
14.092565262791608,21.107434737208393,Sim
12.401921775284077,22.118078224715926,Sim
15.12306818863734,22.83693181136266,Sim
12.633586500452145,18.44641349954785,Não
14.434115585564673,26.26588441443533,Sim
12.743174546970092,19.156825453029906,Sim
13.378273355687782,23.561726644312216,Sim
11.795218883402422,17.24478111659758,Não
14.193963950542843,22.206036049457154,Sim
14.381782244816325,23.27821775518367,Sim
13.285086767214008,48.43491323278599,Sim
12.020040497196392,33.99995950280361,Sim
11.533974472823038,25.306025527176963,Sim
11.952237160805534,18.247762839194465,Não
13.579361327162172,20.02063867283783,Sim
12.249901255169528,17.350098744830472,Não
14.301741307936505,22.4382586920635,Sim
15.255031396565645,25.684968603434353,Sim
14.559710933980638,20.94028906601936,Sim
17.8929856486994,27.587014351300596,Sim
15.200493270505959,23.79950672949404,Sim
14.034186447475715,22.12581355252428,Sim
13.012104866473344,20.447895133526657,Sim
12.155060758380042,25.244939241619957,Sim
12.544141724250156,26.095858275749844,Sim
15.10015464375716,22.039845356242843,Sim
14.518558589623785,23.681441410376216,Sim
18.010804559567486,35.66919544043252,Sim
13.540465870691085,21.099534129308914,Sim
15.192470471162821,24.247529528837177,Sim
12.24140343887613,20.11859656112387,Sim
12.425557866588356,20.37444213341164,Sim
11.661861762823094,21.018138237176906,Sim
16.73733737448725,26.62266262551275,Sim
13.323673888975422,22.156326111024576,Sim
14.142501008609445,21.897498991390556,Sim
17.101706791251832,27.03829320874817,Sim
13.387440246657992,21.81255975334201,Sim
11.743750912185268,18.936249087814733,Sim
13.52440016751931,21.775599832480687,Sim
15.974154520552931,25.505845479447068,Sim
11.24931072965969,25.910689270340306,Sim
14.945986790370167,28.53401320962983,Sim
12.358805100577587,19.02119489942241,Sim
13.767161453514468,25.552838546485532,Sim
14.067319110385538,21.692680889614458,Sim
13.074182309484282,20.52581769051572,Sim
10.951321689617869,18.428678310382132,Não
14.106810729788384,20.71318927021162,Sim
14.955832456121563,23.78416754387844,Sim
14.469051734044754,22.750948265955245,Sim
12.528122509833683,22.131877490166314,Sim
14.237449620095386,25.52255037990461,Sim
11.497419073487581,18.34258092651242,Não
12.752059888834477,19.747940111165523,Sim
13.082906344045616,26.877093655954383,Sim
16.85997173802408,27.26002826197592,Sim
11.845594235851438,19.534405764148563,Sim
16.158640894785602,25.201359105214397,Sim
14.060727445828359,25.459272554171644,Sim
11.468068207454298,22.211931792545702,Sim
14.063840526116516,21.876159473883483,Sim
12.623518559390067,19.156481440609934,Sim
6.999369871787458,41.28063012821254,Sim
10.001368167174224,15.478631832825776,Não
11.66750007436584,20.05249992563416,Sim
12.121914346470025,23.418085653529975,Sim
13.594559053377719,23.48544094662228,Sim
14.622749337805637,23.95725066219436,Sim
9.572274820520757,43.467725179479245,Sim
13.831306391221261,23.94869360877874,Sim
12.9100593175244,18.5499406824756,Não
11.79447449972498,18.74552550027502,Não
13.81471387925517,21.40528612074483,Sim
13.369042444251521,20.35095755574848,Sim
13.650485973194463,19.929514026805535,Sim
14.81220724140709,27.407792758592908,Sim
17.253542383826897,26.926457616173103,Sim
15.993031631163987,26.08696836883601,Sim
14.653747278218953,23.106252721781047,Sim
12.93886342519362,23.321136574806378,Sim
14.255716984721202,21.904283015278793,Sim
13.286073228021868,36.71392677197813,Sim
13.630028036698207,22.52997196330179,Sim
15.782210646520825,24.037789353479177,Sim
13.264859890542843,20.75514010945716,Sim
15.137244861993558,22.84275513800644,Sim
11.765339676026366,18.814660323973634,Não
13.804501369167333,21.11549863083267,Sim
13.076716583430475,19.843283416569527,Sim
11.379435857832682,28.100564142167315,Sim
14.259147117498589,23.70085288250141,Sim
11.834578137618976,18.425421862381025,Não
12.865379192935897,24.694620807064105,Sim
14.522134806295877,23.497865193704126,Sim
14.699846665529893,35.2001533344701,Sim
11.230591039538018,31.789408960461984,Sim
12.65475808149419,30.465241918505807,Sim
11.086410306725792,21.37358969327421,Sim
13.279753076126259,26.40024692387374,Sim
11.886146681936504,20.973853318063497,Sim
13.830534950427499,20.509465049572505,Sim
14.472938818495694,27.287061181504306,Sim
14.645664729871424,27.074335270128575,Sim
16.467676007071837,27.19232399292816,Sim
14.040786784274719,21.339213215725284,Sim
12.162396175301883,37.517603824698114,Sim
12.905816163692052,19.394183836307946,Sim
15.718127302715208,25.481872697284793,Sim
12.194560419917742,42.14543958008226,Sim
13.225783915849753,19.774216084150247,Sim
14.643178797119054,21.896821202880943,Sim
15.6437924551657,24.7762075448343,Sim
15.425619798751132,22.13438020124887,Sim
13.570327395582941,20.289672604417056,Sim
12.910144731845707,33.229855268154296,Sim
14.54896006553468,23.49103993446532,Sim
13.79736735410059,23.92263264589941,Sim
12.037928238792219,19.70207176120778,Sim
13.460049073224427,21.479950926775572,Sim
13.617755075237262,23.08224492476274,Sim
12.988493329510057,20.711506670489946,Sim
12.750664796431996,19.989335203568007,Sim
13.566233545639752,25.27376645436025,Sim
16.345698296022775,33.35430170397723,Sim
11.78125608739857,19.47874391260143,Sim
13.435799344826282,21.244200655173717,Sim
13.775970716828907,21.164029283171093,Sim
13.356367473284664,25.263632526715334,Sim
16.865276775553287,25.994723224446712,Sim
15.27064108712351,36.88935891287649,Sim
11.54154128723687,19.23845871276313,Sim
16.076005236624184,24.223994763375813,Sim
17.49206321746948,27.72793678253052,Sim
17.36852484243907,26.25147515756093,Sim
14.794231372650543,22.365768627349453,Sim
13.7265611945864,23.9134388054136,Sim
14.764426206105156,22.955573793894843,Sim
12.260070091909856,20.419929908090143,Sim
12.196094953699067,18.463905046300933,Não
11.49458131252849,18.525418687471507,Não
17.04430942125733,25.37569057874267,Sim
14.171445210339467,22.188554789660532,Sim
17.542269342907574,27.79773065709243,Sim
13.274694304695801,19.545305695304197,Sim
11.25529632974889,26.184703670251107,Sim
11.202344175433872,18.25765582456613,Não
13.863850779473285,21.956149220526715,Sim
15.341911239295154,23.958088760704843,Sim
14.166391901103877,22.65360809889612,Sim
10.976368443112104,15.783631556887897,Não
13.409069672523149,21.370930327476852,Sim
14.441675287441512,28.57832471255849,Sim
11.543518650699895,23.29648134930011,Sim
11.460684006174972,20.659315993825025,Sim
13.681834759546021,21.838165240453982,Sim
13.10692657822107,21.693073421778927,Sim
15.887949645349192,26.772050354650805,Sim
13.9458513402498,21.034148659750198,Sim
13.90408235390382,23.73591764609618,Sim
11.712723962156486,17.847276037843514,Não
13.093782553261253,25.726217446738747,Sim
15.307405740160164,27.312594259839834,Sim
14.17686287841079,21.403137121589207,Sim
17.31541223948063,29.884587760519373,Sim
14.61727306888828,22.88272693111172,Sim
13.889886581915611,29.510113418084387,Sim
15.712373171768487,26.027626828231515,Sim
12.645566856624866,18.534433143375136,Não
14.993725865952898,23.886274134047106,Sim
15.062200554337252,25.837799445662746,Sim
13.92897429797333,23.551025702026667,Sim
11.715496118536919,29.444503881463078,Sim
13.176652256581542,20.083347743418457,Sim
11.669875768451456,33.85012423154855,Sim
15.458159618064457,24.261840381935542,Sim
11.912628188622753,20.447371811377245,Sim
5.618937649022378,55.081062350977625,Sim
15.834820059015872,24.12517994098413,Sim
14.020449850036318,22.27955014996368,Sim
14.146668960678465,23.433331039321533,Sim
13.06960020924117,20.19039979075883,Sim
13.891354675357423,21.388645324642578,Sim
12.79198650252643,21.648013497473567,Sim
12.397650304161843,20.66234969583816,Sim
15.770532294640642,27.60946770535936,Sim
12.480166348612496,20.3198336513875,Sim
13.79513054194815,24.66486945805185,Sim
14.149953753261416,21.050046246738585,Sim
17.6285710022453,25.851428997754695,Sim
16.840567810846043,30.75943218915396,Sim
13.977925520027828,26.10207447997217,Sim
15.089000291388526,22.930999708611477,Sim
12.03587579326965,28.704124206730352,Sim
13.888385370234925,21.391614629765076,Sim
14.005292273775655,23.434707726224342,Sim
11.37419295479431,16.80580704520569,Não
14.290531026869832,21.90946897313017,Sim
12.636792811851642,22.00320718814836,Sim
12.662286173416039,21.05771382658396,Sim
10.238639453541461,27.321360546458543,Sim
12.861689583886836,20.238310416113166,Sim
12.3509707828488,22.1890292171512,Sim
15.187631625662114,25.452368374337887,Sim
11.532238400555446,17.467761599444554,Não
14.607513380308681,27.27248661969132,Sim
14.60046017080499,27.21953982919501,Sim
14.333451448310644,21.846548551689356,Sim
13.703880180670508,24.43611981932949,Sim
12.631459335353645,20.088540664646352,Sim
13.9536792749566,20.3863207250434,Sim
14.83765878685401,24.502341213145993,Sim
13.436518579620333,20.463481420379665,Sim
13.450769090324595,20.409230909675404,Sim
15.904944182882502,29.4750558171175,Sim
16.427310913606682,26.932689086393317,Sim
14.927807656092535,23.192192343907465,Sim
13.074165070195217,25.285834929804782,Sim
13.1684336451892,20.8715663548108,Sim
13.705765434217543,25.074234565782458,Sim
12.89352372246177,30.426476277538228,Sim
11.041585320094734,16.718414679905266,Não
15.422691554568848,23.417308445431154,Sim
13.320208682434167,19.859791317565833,Sim
13.89050281120101,26.78949718879899,Sim
14.355606639173557,21.244393360826443,Sim
13.09549641188906,21.064503588110938,Sim
14.655670005388098,26.484329994611905,Sim
13.68143116994563,25.23856883005437,Sim
16.343978423924764,26.296021576075237,Sim
11.147388841072006,17.172611158927996,Não
9.641292150001652,34.19870784999835,Sim
16.546755848389306,25.873244151610695,Sim
11.44098128196961,16.479018718030392,Não
11.535079928218298,17.8049200717817,Não
10.552388586136003,17.847611413863994,Não
11.62286662816595,18.61713337183405,Não
15.299626804084575,34.340373195915426,Sim
13.986407467767643,20.413592532232357,Sim
15.9084162441722,29.671583755827797,Sim
13.136488098004556,22.443511901995443,Sim
16.284771365711723,31.115228634288275,Sim
14.144670623478092,21.115329376521906,Sim
7.281136784787709,41.39886321521229,Sim
13.338859279588593,21.801140720411407,Sim
12.322706198618924,18.357293801381076,Não
12.781098797455885,19.118901202544116,Sim
14.383611328900177,28.896388671099825,Sim
11.103716040643837,35.03628395935616,Sim
10.13446654098922,32.545533459010784,Sim
12.337978394044695,19.122021605955304,Sim
12.901120894533781,23.61887910546622,Sim
14.634210805349706,23.48578919465029,Sim
12.266628342625982,22.453371657374017,Sim
15.366788020840895,25.05321197915911,Sim
13.216891161107101,19.8031088388929,Sim
13.16435266188638,19.135647338113618,Sim
13.841376332850306,22.81862366714969,Sim
12.220193917489532,20.15980608251047,Sim
16.2708141372879,24.249185862712103,Sim
12.312178670538467,21.287821329461536,Sim
13.183423720129053,19.756576279870945,Sim
11.766632730335033,22.773367269664966,Sim
12.288484739796512,22.931515260203486,Sim
13.376102358751137,27.443897641248864,Sim
14.812589769039338,33.96741023096067,Sim
14.30822441183069,26.37177558816931,Sim
13.002106487068653,19.65789351293134,Sim
14.674769156829203,21.605230843170798,Sim
14.997963961057234,24.542036038942765,Sim
12.698851378575565,23.881148621424433,Sim
13.797072267438107,22.402927732561896,Sim
16.5805766799856,26.5194233200144,Sim
14.899754439168436,25.08024556083156,Sim
11.412194212382294,17.487805787617706,Não
12.244595942828745,21.155404057171253,Sim
15.006266905594142,22.753733094405856,Sim
13.946808049870608,22.893191950129395,Sim
13.97585666747576,23.26414333252424,Sim
13.859327180962797,35.360672819037205,Sim
11.175158821421501,18.6648411785785,Não
14.583951032367544,22.076048967632453,Sim
14.511973126507868,23.408026873492133,Sim
12.811077780212687,23.988922219787312,Sim
14.52101252150288,21.67898747849712,Sim
8.188239896860296,40.051760103139706,Sim
5.379027358520329,45.00097264147968,Sim
12.343282359103885,23.056717640896114,Sim
16.982165501902728,28.77783449809727,Sim
11.97887447115574,33.66112552884426,Sim
12.514317718403534,19.305682281596468,Sim
14.128416465268707,28.611583534731295,Sim
13.961823331750988,21.318176668249013,Sim
12.928521585972877,21.23147841402712,Sim
10.735356305362895,17.944643694637104,Não
13.680986939436561,21.27901306056344,Sim
11.100642052977262,17.979357947022738,Não
12.397523405789876,20.182476594210122,Sim
11.203333794152567,17.956666205847434,Não
14.558724520826978,24.081275479173023,Sim
16.241306881718668,25.498693118281334,Sim
15.996186600837946,23.923813399162057,Sim
12.540424013638692,19.819575986361308,Sim
15.503894524854058,31.056105475145944,Sim
17.863345132009556,28.376654867990446,Sim
12.100303661275222,19.259696338724776,Sim
13.526167104446829,20.293832895553173,Sim
13.481147081625931,22.178852918374066,Sim
14.099227682516577,32.44077231748342,Sim
10.968588718682712,17.39141128131729,Não
16.67406078895548,25.305939211044517,Sim
6.2277796925412225,45.67222030745877,Sim
15.216852109322183,28.62314789067782,Sim
15.196505576745064,24.923494423254933,Sim
15.924685198014132,26.735314801985865,Sim
10.999838413468112,24.34016158653189,Sim
14.097845917334233,23.10215408266577,Sim
12.266028703300098,20.4539712966999,Sim
14.658530692907707,21.021469307092293,Sim
9.551052346074584,41.50894765392542,Sim
12.894518249550064,22.085481750449933,Sim
13.810519366355798,20.6694806336442,Sim
15.36050258252476,24.27949741747524,Sim
13.693251618204203,21.646748381795803,Sim
12.295276512145215,17.924723487854784,Não
13.189906119363993,25.91009388063601,Sim
12.094528466375447,20.685471533624554,Sim
14.881306791644093,36.518693208355906,Sim
11.552364085011554,18.927635914988446,Sim
13.788666001871823,23.711333998128175,Sim
12.28774696224933,18.93225303775067,Sim
15.716658233268165,24.323341766731836,Sim
15.928022651344897,24.891977348655104,Sim
11.541564736194118,18.17843526380588,Não
10.77013284993267,15.809867150067328,Não
14.116957503493092,21.403042496506913,Sim
12.061746702294004,19.138253297705997,Sim
14.076866878660727,25.423133121339273,Sim
11.736478184308503,23.7835218156915,Sim
16.359661358388074,24.140338641611926,Sim
15.237386799562021,23.72261320043798,Sim
16.365704779366162,26.37429522063384,Sim
13.685839457059043,20.09416054294096,Sim
12.830168682644212,19.98983131735579,Sim
14.232219079562004,24.767780920437996,Sim
13.23140830816366,20.828591691836344,Sim
13.442251420628757,20.837748579371244,Sim
11.68264811975864,18.937351880241362,Sim
16.77226689478568,31.787733105214322,Sim
13.755670030483442,21.304329969516562,Sim
17.830838090434895,31.629161909565106,Sim
16.70488503446024,28.65511496553976,Sim
14.459926729756019,21.66007327024398,Sim
12.693205528959473,29.666794471040525,Sim
14.885721789070441,28.094278210929556,Sim
16.56974792571998,25.25025207428002,Sim
12.89713381225927,19.70286618774073,Sim
10.327867822110225,16.652132177889776,Não
14.495152204159856,24.18484779584014,Sim
15.989527743086889,25.210472256913114,Sim
14.15767693586574,20.80232306413426,Sim
16.18062222773684,24.49937777226316,Sim
3.12679964542626,84.73320035457374,Sim
17.06776305269488,39.29223694730512,Sim
13.33593398810643,21.12406601189357,Sim
10.48471909425636,30.715280905743644,Sim
14.634271052568495,28.20572894743151,Sim
12.58684587406909,20.313154125930907,Sim
14.319735684026295,23.460264315973706,Sim
11.928420829883724,19.131579170116275,Sim
12.746327136745432,20.03367286325457,Sim
14.45891930624061,24.82108069375939,Sim
14.204148634731073,20.49585136526893,Sim
11.823328093685095,33.4366719063149,Sim
11.661811726127098,17.1981882738729,Não
11.935422982822853,19.224577017177147,Sim
12.712605339120518,32.60739466087948,Sim
12.21914579206684,20.620854207933164,Sim
14.770276607105401,24.989723392894597,Sim
8.877601545199635,41.182398454800364,Sim
14.892929893540696,23.787070106459304,Sim
15.178388499764594,25.801611500235403,Sim
15.380597809522687,22.87940219047731,Sim
11.904507678839881,18.07549232116012,Não
17.366649319163972,27.41335068083603,Sim
14.18146949531004,20.798530504689957,Sim
13.103944842655682,24.41605515734432,Sim
13.505919078701893,35.91408092129811,Sim
9.685491446260055,27.934508553739942,Sim
14.949335847920974,25.470664152079028,Sim
10.53275373302342,28.667246266976584,Sim
14.257708486785893,21.702291513214107,Sim
4.988590299985297,61.7514097000147,Sim
13.529194562657207,26.030805437342796,Sim
13.708341454179642,21.331658545820357,Sim
11.203897598205169,18.736102401794835,Não
15.237757798304386,24.20224220169561,Sim
14.377985662525731,22.22201433747427,Sim
13.968674982040982,19.85132501795902,Sim
13.231252138329065,23.068747861670932,Sim
13.35389356618062,20.766106433819377,Sim
10.876799300351314,17.903200699648686,Não
11.701250626910781,23.378749373089217,Sim
13.456733239292863,21.663266760707135,Sim
14.402644143567642,26.897355856432355,Sim
12.85137272539979,20.268627274600206,Sim
11.369390941756928,16.87060905824307,Não
12.194265280562384,18.825734719437616,Não
13.32556016797322,19.69443983202678,Sim
14.61558572914314,23.924414270856857,Sim
14.988934160275308,21.45106583972469,Sim
13.613231903795963,23.62676809620404,Sim
14.360366932513976,25.399633067486022,Sim
13.718204459172602,21.441795540827396,Sim
19.436906855291213,31.823093144708785,Não
12.362699980759007,19.297300019240993,Sim
13.291917126359028,22.348082873640973,Sim
15.353097773254623,25.286902226745376,Sim
12.204966086952986,22.295033913047014,Sim
12.212793331268113,23.16720666873189,Sim
14.767193323264774,25.712806676735223,Sim
13.501263759922871,26.69873624007713,Sim
13.316746354734793,21.763253645265205,Sim
15.41617340736155,23.963826592638455,Sim
12.43514645662676,25.184853543373237,Sim
13.509476827394394,21.570523172605604,Sim
13.938787843173113,20.921212156826886,Sim
11.174170814157112,22.905829185842887,Sim
11.559473858952583,21.36052614104742,Sim
15.097535583089421,22.622464416910578,Sim
13.523825436535219,20.856174563464783,Sim
16.160074466320957,25.179925533679047,Sim
12.421071956430488,20.078928043569512,Sim
14.485378928143117,28.13462107185688,Sim
16.53697554656705,28.843024453432953,Sim
13.65332797164448,21.766672028355522,Sim
15.94717752634756,24.612822473652443,Sim
11.220909203395454,19.599090796604546,Sim
12.714639588138226,19.465360411861774,Sim
15.650333806403328,23.909666193596674,Sim
13.694011578761033,28.78598842123896,Sim
15.828469101362277,24.771530898637725,Sim
11.990839725375235,18.729160274624764,Não
12.895993031186563,23.504006968813435,Sim
13.394077944965506,25.665922055034496,Sim
14.649026354769235,21.230973645230765,Sim
15.771225062840685,29.428774937159318,Sim
15.546168741145735,25.493831258854264,Sim
15.43529505680798,26.98470494319202,Sim
15.753002965829356,24.346997034170645,Sim
14.613067664250044,27.82693233574995,Sim
11.431163551165833,23.788836448834168,Sim
13.716279162944968,21.32372083705503,Sim
15.266440860609292,24.65355913939071,Sim
14.59401164582905,23.465988354170953,Sim
13.749422172439377,24.250577827560623,Sim
12.202256445428603,22.917743554571395,Sim
13.412173488118636,58.78782651188136,Sim
14.567624197674666,24.09237580232533,Sim
16.596214029674744,29.363785970325257,Sim
12.452317044029552,23.407682955970447,Sim
13.09611220452129,20.663887795478708,Sim
11.72067765700643,34.219322342993564,Sim
11.54807069592533,17.85192930407467,Não
10.569361703153712,17.450638296846286,Não
15.655419651929833,27.86458034807017,Sim
11.852283957131764,18.467716042868236,Não
14.024219635615779,21.755780364384222,Sim
13.989083862926108,21.51091613707389,Sim
14.662598033880334,23.337401966119664,Sim
13.400486920549614,20.29951307945039,Sim
15.383919931564877,23.716080068435126,Sim
14.891918579342411,22.74808142065759,Sim
13.185172497399535,22.614827502600463,Sim
12.041281017082596,23.638718982917403,Sim
11.70029794164538,23.39970205835462,Sim
14.808306067585518,23.01169393241448,Sim
15.07431046748745,24.445689532512553,Sim
14.699898533594359,26.10010146640564,Sim
15.641840393824497,24.5181596061755,Sim
13.839754194048393,23.840245805951607,Sim
12.157816980506302,27.0421830194937,Sim
13.021803028473638,20.938196971526363,Sim
12.790601119783744,21.029398880216256,Sim
10.906076307748814,17.553923692251185,Não
14.427945570617556,22.51205442938244,Sim
13.05298044290735,25.02701955709265,Sim
13.101834951331602,22.478165048668394,Sim
13.46197432412894,19.87802567587106,Sim
14.642001968338512,22.55799803166149,Sim
12.411389454331687,48.84861054566831,Sim
17.095420410804863,30.304579589195136,Sim
12.801631586084797,17.3983684139152,Não
15.037139901160684,23.742860098839316,Sim
15.620268186336276,31.099731813663723,Sim
14.260413559534491,20.69958644046551,Sim
12.641010147552366,22.098989852447637,Sim
15.613322863564882,25.646677136435116,Sim
11.444360370174198,18.315639629825803,Não
12.898873355813759,19.28112664418624,Sim
17.55220553142364,30.647794468576365,Sim
13.596772396031536,21.723227603968464,Sim
14.94006108366414,25.91993891633586,Sim
11.719432353727068,17.64056764627293,Não
14.73694095375139,25.08305904624861,Sim
15.32886868839022,24.21113131160978,Sim
14.933406919764657,23.986593080235345,Sim
15.721083261608008,24.75891673839199,Sim
14.907335962849828,24.052664037150173,Sim
13.895342601381763,27.784657398618236,Sim
14.29969000678532,26.10030999321468,Sim
13.396443064780055,22.12355693521995,Sim
11.691284747082591,21.54871525291741,Sim
11.27613333920149,20.02386666079851,Sim
14.643347088144457,24.596652911855543,Sim
12.470646393229092,21.66935360677091,Sim
15.520543916721108,24.93945608327889,Sim
13.712479082654312,22.24752091734569,Sim
13.125235507951167,21.154764492048834,Sim
14.806272253540179,23.253727746459823,Sim
13.297433627894378,24.78256637210562,Sim
9.572295045254926,22.807704954745077,Sim
13.600091229784354,22.219908770215646,Sim
9.189361129729843,44.79063887027016,Sim
12.556393293377933,27.243606706622064,Sim
14.263875764909724,21.656124235090278,Sim
14.035964757989266,22.844035242010737,Sim
14.36473265138353,22.155267348616473,Sim
12.331782485272612,20.528217514727388,Sim
14.04674713497325,22.393252865026746,Sim
13.084374965432552,20.175625034567446,Sim
12.09915395373097,19.94084604626903,Sim
14.138301155640832,21.00169884435917,Sim
17.967176204274377,30.11282379572562,Sim
14.639330277922795,28.980669722077202,Sim
14.327952014619017,21.112047985380983,Sim
11.878945546715755,18.741054453284246,Não
13.571614865669428,21.72838513433057,Sim
23.15507669974189,33.92492330025811,Não
13.494387677272844,21.965612322727157,Sim
15.335010822333683,24.26498917766632,Sim
16.640818067418834,25.019181932581162,Sim
17.73576825146372,29.50423174853628,Sim
12.119872071716536,20.380127928283464,Sim
11.488821982527703,18.391178017472296,Não
15.136137497953163,24.403862502046834,Sim
14.435894842497156,29.904105157502848,Sim
14.412452045728436,28.447547954271563,Sim
14.286410970943916,39.193589029056085,Sim
15.560323328122353,36.099676671877646,Sim
14.872669147452623,38.86733085254738,Sim
13.682920041999935,24.077079958000063,Sim
14.51844433795528,22.80155566204472,Sim
14.48800510555429,20.711994894445713,Sim
14.372923747268587,23.78707625273141,Sim
16.258287579278978,31.40171242072102,Sim
15.06604007255715,24.053959927442847,Sim
12.825122099909475,19.574877900090524,Sim
14.069880412302297,24.110119587697703,Sim
14.030424683539717,22.469575316460283,Sim
14.85127414932985,21.408725850670148,Sim
12.823033972516342,19.016966027483658,Sim
8.368046820800995,20.931953179199006,Sim
15.177549335429333,30.682450664570666,Sim
14.049908550001074,24.350091449998924,Sim
14.798533788549879,22.10146621145012,Sim
14.325685055361973,20.69431494463803,Sim
11.163892035106002,23.836107964893998,Sim
15.147730724769147,23.732269275230855,Sim
11.625123124778103,17.3148768752219,Não
13.528111417798304,21.891888582201698,Sim
16.66225761035396,28.197742389646038,Sim
17.898443751383027,32.40155624861697,Sim
13.736584654120483,19.54341534587952,Sim
11.286879059072017,31.493120940927984,Sim
15.481814089719835,24.658185910280167,Sim
13.768463922626612,23.07153607737339,Sim
14.59806847775425,22.18193152224575,Sim
13.429575686716337,20.33042431328366,Sim
14.163341762201185,20.556658237798814,Sim
15.3770076539341,26.9429923460659,Sim
15.186901295471916,24.193098704528087,Sim
11.926466211572345,17.533533788427654,Não
12.65219426302457,19.507805736975428,Sim
13.141004351746744,25.938995648253254,Sim
14.15075647542309,21.06924352457691,Sim
14.300991062705203,33.1990089372948,Sim
14.242888102484661,22.617111897515336,Sim
12.085539076921686,24.874460923078317,Sim
16.358495305520304,26.181504694479695,Sim
12.900188254368153,20.999811745631845,Sim
13.567347629197842,42.15265237080216,Sim
13.19270224293384,20.687297757066162,Sim
11.973854406833926,18.866145593166074,Sim
12.116707179831067,18.883292820168933,Sim
14.427271298701216,21.332728701298784,Sim
13.0723520905551,23.7476479094449,Sim
13.107812399139648,19.11218760086035,Sim
11.923586568825629,16.816413431174368,Não
11.923113924295036,25.716886075704963,Sim
15.138766814411081,23.401233185588918,Sim
15.941155995482841,27.51884400451716,Sim
13.250977087829709,20.189022912170287,Sim
13.529515766492853,24.730484233507145,Sim
14.765884497678636,22.374115502321366,Sim
15.289694910650645,24.030305089349355,Sim
11.242944998797771,17.457055001202228,Não
12.441147784117891,23.418852215882108,Sim
14.403300611314812,23.65669938868519,Sim
10.920421998763063,16.379578001236936,Não
11.54823381035081,17.57176618964919,Não
13.91535476628127,30.38464523371873,Sim
17.788104927245463,37.571895072754536,Sim
14.626149429219454,21.79385057078055,Sim
14.72903042495649,34.91096957504351,Sim
11.659791915071018,18.280208084928983,Não
15.724196624798676,22.455803375201324,Sim
14.713569190108075,23.006430809891924,Sim
11.928645953816467,23.271354046183536,Sim
16.704725848087957,29.435274151912044,Sim
15.343892563901765,28.836107436098235,Sim
14.201038962086455,36.73896103791354,Sim
17.302555861538725,29.137444138461273,Sim
15.2010007011274,23.9789992988726,Sim
12.082565906264906,22.237434093735096,Sim
14.581315993608985,28.658684006391017,Sim
12.281580365338428,20.79841963466157,Sim
16.016965787886054,27.283034212113943,Sim
12.564781790497543,18.815218209502454,Não
15.062916473469507,30.437083526530493,Sim
16.135724130200863,31.584275869799136,Sim
15.633636712059346,22.106363287940656,Sim
14.15707032590731,21.902929674092693,Sim
15.080072096236933,26.359927903763065,Sim
12.362521929106608,21.637478070893394,Sim
10.78179229684836,16.63820770315164,Não
7.889502161592297,42.310497838407706,Sim
12.977035990095157,22.082964009904845,Sim
14.6625026977808,22.597497302219196,Sim
12.269325879241286,24.99067412075871,Sim
13.843032224876096,20.336967775123902,Sim
12.173635624883326,18.786364375116673,Não
9.683880742795598,20.636119257204403,Sim
13.239245203599747,23.24075479640025,Sim
14.401881772237381,23.05811822776262,Sim
14.667629016746899,21.9123709832531,Sim
11.146229175011952,31.013770824988043,Sim
15.412818826347372,23.18718117365263,Sim
14.2170534589619,22.0029465410381,Sim
11.360711196014018,18.339288803985983,Não
12.236408616015906,19.503591383984094,Sim
12.500619390255794,23.999380609744208,Sim
14.944106705549284,27.855893294450713,Sim
16.474147749749392,29.105852250250607,Sim
13.487666155778719,25.652333844221282,Sim
14.095608698231926,25.244391301768076,Sim
15.448192044178699,25.391807955821307,Sim
12.674105236754695,21.465894763245306,Sim
11.564138656704484,24.015861343295512,Sim
14.891989100510497,28.108010899489503,Sim
17.695943239944768,27.88405676005523,Sim
13.837604160147853,27.862395839852148,Sim
13.131494137644506,30.16850586235549,Sim
11.420743876513683,17.959256123486316,Não
16.033818994190494,24.466181005809506,Sim
11.217799976741407,20.242200023258594,Sim
13.618324124769119,24.00167587523088,Sim
13.86201989321418,22.137980106785818,Sim
14.63991108163238,27.340088918367616,Sim
13.746191549844076,23.353808450155924,Sim
11.418057431741532,17.541942568258467,Não
14.602567188093767,21.577432811906235,Sim
15.4019914201909,22.158008579809103,Sim
12.938110289304241,21.261889710695762,Sim
15.386513750731758,22.493486249268244,Sim
13.140417069522474,19.939582930477524,Sim
12.598777518706639,18.561222481293363,Não
14.54207956053423,25.197920439465772,Sim
11.732896256648322,24.207103743351674,Sim
11.796185198378677,17.223814801621323,Não
11.22216603358698,24.477833966413023,Sim
12.268178787721567,25.591821212278433,Sim
14.538371119175887,21.701628880824117,Sim
16.4312368334481,25.4687631665519,Sim
14.989293942915959,23.750706057084045,Sim
15.972789530720377,25.427210469279622,Sim
9.840357813411348,43.659642186588655,Sim
12.34189569684067,19.21810430315933,Sim
13.451365739401426,21.74863426059858,Sim
13.87167663897623,21.428323361023768,Sim
13.915089160366666,20.344910839633332,Sim
12.068425150693818,17.79157484930618,Não
10.933466611275724,17.346533388724275,Não
12.425936316010727,19.534063683989274,Sim
12.894930411944552,21.445069588055453,Sim
14.11369049304316,23.38630950695684,Sim
10.870972490016324,17.449027509983676,Não
11.08197847573824,16.53802152426176,Não
13.385052357454313,21.914947642545684,Sim
13.127790046267858,18.832209953732143,Não
13.245419994348225,25.054580005651772,Sim
13.614883840998704,24.025116159001296,Sim
16.52057927662665,35.59942072337335,Sim
14.045494945421737,20.914505054578264,Sim
16.326031051122722,25.073968948877276,Sim
13.569648281218267,21.210351718781734,Sim
13.771866233656635,23.008133766343366,Sim
12.125196869892957,22.194803130107044,Sim
11.551056922097544,18.288943077902456,Não
12.705130552139712,25.054869447860284,Sim
13.250557841362607,20.669442158637395,Sim
12.671738372913524,23.008261627086476,Sim
15.967707803530336,26.43229219646966,Sim
14.165360179191936,20.654639820808065,Sim
9.941701306039986,40.578298693960015,Sim
13.91999517458431,20.560004825415685,Sim
12.21797821538017,18.802021784619832,Não
12.129067346448547,20.210932653551456,Sim
